EXPERIMENT NO:11

Optimising database (Using Set, arithmetic, logical and special operators)
--------------------------------------------------------------------------------------------------------------------------------




1.DISPLAY CUSTMOER ID,CITY WHO IS EITHER IN CALICUT  OR TVM

mysql> SELECT id,city FROM CUST WHERE city='kozhikode' union select id,city from CUST where  city='TVM';
+----+-----------+
| id | city      |
+----+-----------+
|  4 | kozhikode |
|  1 | TVM       |
+----+-----------+
2 rows in set (0.00 sec)
 


----------------------------------------------------------------------------------------------------------------------------------
2.Display product details with an updated price amount(new price= old price+5rs)

mysql> SELECT pid,pname,price,price+5 AS "price+5" FROM PRODUCT;
+-----+--------+--------+---------+
| pid | pname  | price  | price+5 |
+-----+--------+--------+---------+
| 101 | PEN    | 102.00 |  107.00 |
| 102 | BOOK   |  61.20 |   66.20 |
| 103 | BOX    |  30.60 |   35.60 |
| 104 | PENCIL |  61.20 |   66.20 |
| 105 | SCALE  |  51.00 |   56.00 |
| 106 | SOAP   |  12.00 |   17.00 |
+-----+--------+--------+---------+
6 rows in set (0.00 sec)



-------------------------------------------------------------------------------------------



3.Display customer details who doesn’t have phone number and lives in ‘Calicut’ city (use logical operators)


mysql> SELECT * FROM CUST WHERE ph_no IS NULL AND city='PTM';
+----+-------+-----------+------+-------+
| id | name  | address   | city | ph_no |
+----+-------+-----------+------+-------+
|  7 | BHANU | POKOTAYIL | PTM  |  NULL |
+----+-------+-----------+------+-------+
1 row in set (0.00 sec)



-------------------------------------------------------------------------------------------------
4.List the product names if it finds any records in the invoice items table has quantity =3 (use special operators)



mysql> select pname from PRODUCT WHERE pid IN(SELECT pid from INOVICE_ITEM WHERE quantity=4);
+-------+
| pname |
+-------+
| BOX   |
+-------+
1 row in set (0.03 sec)





//VERIFIED
